{
  "Character get id 4" : {
    "transaction" : "Character get id 4",
    "sampleCount" : 100,
    "errorCount" : 0,
    "errorPct" : 0.0,
    "meanResTime" : 11.0,
    "medianResTime" : 10.0,
    "minResTime" : 4.0,
    "maxResTime" : 28.0,
    "pct1ResTime" : 14.900000000000006,
    "pct2ResTime" : 17.94999999999999,
    "pct3ResTime" : 27.95999999999998,
    "throughput" : 72.46376811594203,
    "receivedKBytesPerSec" : 18.761322463768117,
    "sentKBytesPerSec" : 11.251698369565219
  },
  "Character post" : {
    "transaction" : "Character post",
    "sampleCount" : 100,
    "errorCount" : 0,
    "errorPct" : 0.0,
    "meanResTime" : 13.46,
    "medianResTime" : 11.0,
    "minResTime" : 8.0,
    "maxResTime" : 76.0,
    "pct1ResTime" : 17.80000000000001,
    "pct2ResTime" : 20.94999999999999,
    "pct3ResTime" : 75.90999999999995,
    "throughput" : 69.3000693000693,
    "receivedKBytesPerSec" : 18.13712751212751,
    "sentKBytesPerSec" : 15.227066008316008
  },
  "Total" : {
    "transaction" : "Total",
    "sampleCount" : 500,
    "errorCount" : 0,
    "errorPct" : 0.0,
    "meanResTime" : 94.01400000000007,
    "medianResTime" : 12.0,
    "minResTime" : 3.0,
    "maxResTime" : 547.0,
    "pct1ResTime" : 468.90000000000003,
    "pct2ResTime" : 517.0,
    "pct3ResTime" : 542.0,
    "throughput" : 332.00531208499336,
    "receivedKBytesPerSec" : 94.90553411354581,
    "sentKBytesPerSec" : 61.21347941567065
  },
  "Characters All" : {
    "transaction" : "Characters All",
    "sampleCount" : 100,
    "errorCount" : 0,
    "errorPct" : 0.0,
    "meanResTime" : 422.7800000000001,
    "medianResTime" : 468.5,
    "minResTime" : 48.0,
    "maxResTime" : 547.0,
    "pct1ResTime" : 533.9,
    "pct2ResTime" : 542.0,
    "pct3ResTime" : 546.98,
    "throughput" : 67.38544474393531,
    "receivedKBytesPerSec" : 27.405607732479783,
    "sentKBytesPerSec" : 10.397363544474393
  },
  "Character put id 4" : {
    "transaction" : "Character put id 4",
    "sampleCount" : 100,
    "errorCount" : 0,
    "errorPct" : 0.0,
    "meanResTime" : 12.070000000000004,
    "medianResTime" : 11.0,
    "minResTime" : 4.0,
    "maxResTime" : 31.0,
    "pct1ResTime" : 15.900000000000006,
    "pct2ResTime" : 19.899999999999977,
    "pct3ResTime" : 30.969999999999985,
    "throughput" : 73.31378299120234,
    "receivedKBytesPerSec" : 18.9728051686217,
    "sentKBytesPerSec" : 15.822603555718475
  },
  "Character delete id 4" : {
    "transaction" : "Character delete id 4",
    "sampleCount" : 100,
    "errorCount" : 0,
    "errorPct" : 0.0,
    "meanResTime" : 10.759999999999994,
    "medianResTime" : 10.0,
    "minResTime" : 3.0,
    "maxResTime" : 27.0,
    "pct1ResTime" : 14.0,
    "pct2ResTime" : 17.0,
    "pct3ResTime" : 26.989999999999995,
    "throughput" : 74.6825989544436,
    "receivedKBytesPerSec" : 18.16012415982076,
    "sentKBytesPerSec" : 13.200732823002241
  }
}